-- MySQL Script generated by MySQL Workbench
-- Wed Mar 27 18:54:53 2019
-- Model: New Model    Version: 1.0
-- MySQL Workbench Forward Engineering

SET @OLD_UNIQUE_CHECKS=@@UNIQUE_CHECKS, UNIQUE_CHECKS=0;
SET @OLD_FOREIGN_KEY_CHECKS=@@FOREIGN_KEY_CHECKS, FOREIGN_KEY_CHECKS=0;
SET @OLD_SQL_MODE=@@SQL_MODE, SQL_MODE='';

-- -----------------------------------------------------
-- Schema flowerdb
-- -----------------------------------------------------
DROP SCHEMA IF EXISTS `flowerdb` ;

-- -----------------------------------------------------
-- Schema flowerdb
-- -----------------------------------------------------
CREATE SCHEMA IF NOT EXISTS `flowerdb` DEFAULT CHARACTER SET utf8mb4 COLLATE utf8mb4_unicode_ci ;
USE `flowerdb` ;

-- -----------------------------------------------------
-- Table `flowerdb`.`flower_cate`
-- -----------------------------------------------------
CREATE TABLE IF NOT EXISTS `flowerdb`.`flower_cate` (
  `f_cate_ID` CHAR(5) NOT NULL,
  `f_cate_name` VARCHAR(45) NOT NULL,
  `f_cate_img` VARCHAR(200) NOT NULL,
  `f_cate_detail` TEXT NOT NULL,
  PRIMARY KEY (`f_cate_ID`))
ENGINE = InnoDB;


-- -----------------------------------------------------
-- Table `flowerdb`.`flower`
-- -----------------------------------------------------
CREATE TABLE IF NOT EXISTS `flowerdb`.`flower` (
  `f_ID` CHAR(10) NOT NULL,
  `f_cate_ID` CHAR(5) NOT NULL,
  `f_name` VARCHAR(45) NOT NULL,
  `f_img` VARCHAR(255) NOT NULL,
  `f_detail` TEXT NOT NULL,
  PRIMARY KEY (`f_ID`),
  INDEX `fk_f_cate_ID_idx` (`f_cate_ID` ASC),
  CONSTRAINT `fk_f_f_cate_ID`
    FOREIGN KEY (`f_cate_ID`)
    REFERENCES `flowerdb`.`flower_cate` (`f_cate_ID`)
    ON DELETE NO ACTION
    ON UPDATE NO ACTION)
ENGINE = InnoDB;


-- -----------------------------------------------------
-- Table `flowerdb`.`flower_color`
-- -----------------------------------------------------
CREATE TABLE IF NOT EXISTS `flowerdb`.`flower_color` (
  `f_color_ID` CHAR(5) NOT NULL,
  `f_color_name` VARCHAR(45) NOT NULL,
  PRIMARY KEY (`f_color_ID`))
ENGINE = InnoDB;


-- -----------------------------------------------------
-- Table `flowerdb`.`bouquet`
-- -----------------------------------------------------
CREATE TABLE IF NOT EXISTS `flowerdb`.`bouquet` (
  `b_ID` CHAR(10) NOT NULL,
  `b_name` VARCHAR(255) NOT NULL,
  `b_detail` TEXT NOT NULL,
  `b_price` DOUBLE NOT NULL,
  `b_selling` TINYINT(1) NOT NULL,
  PRIMARY KEY (`b_ID`))
ENGINE = InnoDB;


-- -----------------------------------------------------
-- Table `flowerdb`.`bouq_img`
-- -----------------------------------------------------
CREATE TABLE IF NOT EXISTS `flowerdb`.`bouq_img` (
  `b_img_ID` CHAR(13) NOT NULL,
  `b_ID` CHAR(10) NOT NULL,
  `b_img` VARCHAR(100) NOT NULL,
  PRIMARY KEY (`b_img_ID`),
  INDEX `fk_b_ID_img_idx` (`b_ID` ASC),
  CONSTRAINT `fk_b_ID_img`
    FOREIGN KEY (`b_ID`)
    REFERENCES `flowerdb`.`bouquet` (`b_ID`)
    ON DELETE NO ACTION
    ON UPDATE NO ACTION)
ENGINE = InnoDB;


-- -----------------------------------------------------
-- Table `flowerdb`.`customer`
-- -----------------------------------------------------
CREATE TABLE IF NOT EXISTS `flowerdb`.`customer` (
  `cus_ID` INT NOT NULL AUTO_INCREMENT,
  `cus_phone` CHAR(12) NOT NULL,
  `cus_name` VARCHAR(255) NOT NULL,
  `cus_address` VARCHAR(255) NOT NULL,
  `cus_email` VARCHAR(255) NULL,
  PRIMARY KEY (`cus_ID`))
ENGINE = InnoDB;


-- -----------------------------------------------------
-- Table `flowerdb`.`orders`
-- -----------------------------------------------------
CREATE TABLE IF NOT EXISTS `flowerdb`.`orders` (
  `order_ID` INT NOT NULL AUTO_INCREMENT,
  `cus_ID` INT NOT NULL,
  `order_status` INT(1) NOT NULL,
  `order_date` DATETIME NOT NULL,
  `delivery_date` DATETIME NOT NULL,
  PRIMARY KEY (`order_ID`),
  INDEX `fk_or_c_ID_idx` (`cus_ID` ASC),
  CONSTRAINT `fk_or_c_ID`
    FOREIGN KEY (`cus_ID`)
    REFERENCES `flowerdb`.`customer` (`cus_ID`)
    ON DELETE NO ACTION
    ON UPDATE NO ACTION)
ENGINE = InnoDB;


-- -----------------------------------------------------
-- Table `flowerdb`.`order_detail`
-- -----------------------------------------------------
CREATE TABLE IF NOT EXISTS `flowerdb`.`order_detail` (
  `or_d_ID` INT NOT NULL AUTO_INCREMENT,
  `order_ID` INT NOT NULL,
  `b_ID` CHAR(10) NOT NULL,
  `quan` INT NOT NULL,
  INDEX `fk_order_ID_idx` (`order_ID` ASC),
  INDEX `fk_odr_b_ID_od_idx` (`b_ID` ASC),
  PRIMARY KEY (`or_d_ID`),
  CONSTRAINT `fk_odr_b_ID_od`
    FOREIGN KEY (`b_ID`)
    REFERENCES `flowerdb`.`bouquet` (`b_ID`)
    ON DELETE NO ACTION
    ON UPDATE NO ACTION,
  CONSTRAINT `fk_odr_order_ID`
    FOREIGN KEY (`order_ID`)
    REFERENCES `flowerdb`.`orders` (`order_ID`)
    ON DELETE NO ACTION
    ON UPDATE NO ACTION)
ENGINE = InnoDB;


-- -----------------------------------------------------
-- Table `flowerdb`.`occasion`
-- -----------------------------------------------------
CREATE TABLE IF NOT EXISTS `flowerdb`.`occasion` (
  `occa_ID` CHAR(10) NOT NULL,
  `occa_name` VARCHAR(45) NOT NULL,
  `occa_detail` TEXT NOT NULL,
  `occa_fp` TINYINT(1) NOT NULL,
  `occa_img` VARCHAR(200) NOT NULL,
  PRIMARY KEY (`occa_ID`))
ENGINE = InnoDB;


-- -----------------------------------------------------
-- Table `flowerdb`.`occasion_detail`
-- -----------------------------------------------------
CREATE TABLE IF NOT EXISTS `flowerdb`.`occasion_detail` (
  `oc_d_ID` INT NOT NULL AUTO_INCREMENT,
  `b_ID` CHAR(10) NOT NULL,
  `occa_ID` CHAR(10) NOT NULL,
  `occa_has` TINYINT(1) NOT NULL,
  INDEX `fk_f_occa_ID_idx` (`occa_ID` ASC),
  INDEX `fk_b_ID_occa_idx` (`b_ID` ASC),
  PRIMARY KEY (`oc_d_ID`),
  CONSTRAINT `fk_ocsn_f_occa_ID`
    FOREIGN KEY (`occa_ID`)
    REFERENCES `flowerdb`.`occasion` (`occa_ID`)
    ON DELETE NO ACTION
    ON UPDATE NO ACTION,
  CONSTRAINT `fk_b_ID_occa`
    FOREIGN KEY (`b_ID`)
    REFERENCES `flowerdb`.`bouquet` (`b_ID`)
    ON DELETE NO ACTION
    ON UPDATE NO ACTION)
ENGINE = InnoDB;


-- -----------------------------------------------------
-- Table `flowerdb`.`bouq_detail`
-- -----------------------------------------------------
CREATE TABLE IF NOT EXISTS `flowerdb`.`bouq_detail` (
  `b_d_ID` INT NOT NULL AUTO_INCREMENT,
  `b_ID` CHAR(10) NOT NULL,
  `f_ID` CHAR(10) NOT NULL,
  `quan` INT NOT NULL,
  INDEX `fk_b_ID_idx` (`b_ID` ASC),
  INDEX `fk_f_ID_idx` (`f_ID` ASC),
  PRIMARY KEY (`b_d_ID`),
  CONSTRAINT `fk_b_ID_bd`
    FOREIGN KEY (`b_ID`)
    REFERENCES `flowerdb`.`bouquet` (`b_ID`)
    ON DELETE NO ACTION
    ON UPDATE NO ACTION,
  CONSTRAINT `fk_f_ID_bd`
    FOREIGN KEY (`f_ID`)
    REFERENCES `flowerdb`.`flower` (`f_ID`)
    ON DELETE NO ACTION
    ON UPDATE NO ACTION)
ENGINE = InnoDB;


-- -----------------------------------------------------
-- Table `flowerdb`.`comment`
-- -----------------------------------------------------
CREATE TABLE IF NOT EXISTS `flowerdb`.`comment` (
  `cm_ID` INT NOT NULL AUTO_INCREMENT,
  `b_ID` CHAR(10) NOT NULL,
  `cm_name` VARCHAR(255) NOT NULL,
  `cm_email` VARCHAR(255) NOT NULL,
  `cm_date` DATETIME NOT NULL,
  `cm_detail` TEXT NOT NULL,
  `cm_phone` CHAR(12) NULL,
  `cm_check` TINYINT(1) NOT NULL,
  PRIMARY KEY (`cm_ID`),
  INDEX `fk_b_ID_cm_idx` (`b_ID` ASC),
  CONSTRAINT `fk_b_ID_cm`
    FOREIGN KEY (`b_ID`)
    REFERENCES `flowerdb`.`bouquet` (`b_ID`)
    ON DELETE NO ACTION
    ON UPDATE NO ACTION)
ENGINE = InnoDB;


-- -----------------------------------------------------
-- Table `flowerdb`.`feedback`
-- -----------------------------------------------------
CREATE TABLE IF NOT EXISTS `flowerdb`.`feedback` (
  `fb_ID` INT NOT NULL AUTO_INCREMENT,
  `cus_ID` INT NOT NULL,
  `fb_date` DATETIME NOT NULL,
  `fb_detail` TEXT NOT NULL,
  `fb_reply` TEXT NULL,
  `fb_check` TINYINT(1) NOT NULL,
  PRIMARY KEY (`fb_ID`),
  INDEX `fk_cus_ID_FB_idx` (`cus_ID` ASC),
  CONSTRAINT `fk_cus_ID_FB`
    FOREIGN KEY (`cus_ID`)
    REFERENCES `flowerdb`.`customer` (`cus_ID`)
    ON DELETE NO ACTION
    ON UPDATE NO ACTION)
ENGINE = InnoDB;


-- -----------------------------------------------------
-- Table `flowerdb`.`flower_color_detail`
-- -----------------------------------------------------
CREATE TABLE IF NOT EXISTS `flowerdb`.`flower_color_detail` (
  `f_c_d_ID` INT NOT NULL AUTO_INCREMENT,
  `f_ID` CHAR(10) NOT NULL,
  `f_color_ID` CHAR(5) NOT NULL,
  PRIMARY KEY (`f_c_d_ID`),
  INDEX `fk_f_ID_fcd_idx` (`f_ID` ASC),
  INDEX `fk_f_color_ID_fcd_idx` (`f_color_ID` ASC),
  CONSTRAINT `fk_f_ID_fcd`
    FOREIGN KEY (`f_ID`)
    REFERENCES `flowerdb`.`flower` (`f_ID`)
    ON DELETE NO ACTION
    ON UPDATE NO ACTION,
  CONSTRAINT `fk_f_color_ID_fcd`
    FOREIGN KEY (`f_color_ID`)
    REFERENCES `flowerdb`.`flower_color` (`f_color_ID`)
    ON DELETE NO ACTION
    ON UPDATE NO ACTION)
ENGINE = InnoDB;


-- -----------------------------------------------------
-- Table `flowerdb`.`member`
-- -----------------------------------------------------
CREATE TABLE IF NOT EXISTS `flowerdb`.`member` (
  `mem_ID` INT NOT NULL AUTO_INCREMENT,
  `mem_uID` VARCHAR(255) NOT NULL,
  `mem_uPW` VARCHAR(255) NOT NULL,
  `cus_ID` INT NOT NULL,
  PRIMARY KEY (`mem_ID`),
  INDEX `fk_cus_ID_mem_idx` (`cus_ID` ASC),
  CONSTRAINT `fk_cus_ID_mem`
    FOREIGN KEY (`cus_ID`)
    REFERENCES `flowerdb`.`customer` (`cus_ID`)
    ON DELETE NO ACTION
    ON UPDATE NO ACTION)
ENGINE = InnoDB;

USE `flowerdb` ;

-- -----------------------------------------------------
-- Placeholder table for view `flowerdb`.`v_flower_gen`
-- -----------------------------------------------------
CREATE TABLE IF NOT EXISTS `flowerdb`.`v_flower_gen` (`f_ID` INT, `f_name` INT, `f_cate_name` INT, `f_img` INT, `f_detail` INT);

-- -----------------------------------------------------
-- Placeholder table for view `flowerdb`.`v_flower_color`
-- -----------------------------------------------------
CREATE TABLE IF NOT EXISTS `flowerdb`.`v_flower_color` (`f_ID` INT, `f_color_ID` INT, `f_color_name` INT);

-- -----------------------------------------------------
-- Placeholder table for view `flowerdb`.`v_bouq_gen`
-- -----------------------------------------------------
CREATE TABLE IF NOT EXISTS `flowerdb`.`v_bouq_gen` (`b_name` INT, `b_price` INT, `b_ID` INT, `f_ID` INT, `f_name` INT, `f_color_ID` INT, `quan` INT, `f_color_name` INT, `b_img` INT, `f_cate_name` INT, `occa_name` INT, `b_selling` INT);

-- -----------------------------------------------------
-- Placeholder table for view `flowerdb`.`v_bouq_gen2`
-- -----------------------------------------------------
CREATE TABLE IF NOT EXISTS `flowerdb`.`v_bouq_gen2` (`b_name` INT, `b_price` INT, `b_ID` INT, `f_ID` INT, `f_name` INT, `f_color_ID` INT, `quan` INT, `f_color_name` INT, `b_img` INT, `f_cate_name` INT, `occa_name` INT, `b_selling` INT);

-- -----------------------------------------------------
-- View `flowerdb`.`v_flower_gen`
-- -----------------------------------------------------
DROP TABLE IF EXISTS `flowerdb`.`v_flower_gen`;
USE `flowerdb`;
CREATE  OR REPLACE VIEW `v_flower_gen` AS select f_ID, f_name, f_cate_name, f_img, f_detail from flower,flower_cate where flower.f_cate_ID = flower_cate.f_cate_ID;

-- -----------------------------------------------------
-- View `flowerdb`.`v_flower_color`
-- -----------------------------------------------------
DROP TABLE IF EXISTS `flowerdb`.`v_flower_color`;
USE `flowerdb`;
CREATE  OR REPLACE VIEW `v_flower_color` AS  select f_ID,flower_color_detail.f_color_ID, f_color_name from flower_color_detail, flower_color where flower_color_detail.f_color_ID = flower_color.f_color_ID;

-- -----------------------------------------------------
-- View `flowerdb`.`v_bouq_gen`
-- -----------------------------------------------------
DROP TABLE IF EXISTS `flowerdb`.`v_bouq_gen`;
USE `flowerdb`;
CREATE  OR REPLACE VIEW `v_bouq_gen` AS SELECT bouquet.b_name, bouquet.b_price, bouq_detail.b_ID, flower.f_ID, flower.f_name, flower_color_detail.f_color_ID, bouq_detail.quan, flower_color.f_color_name, bouq_img.b_img, flower_cate.f_cate_name, occasion.occa_name, bouquet.b_selling
FROM bouquet
INNER JOIN bouq_detail on bouq_detail.b_ID = bouquet.b_ID
LEFT JOIN bouq_img on bouquet.b_ID = bouq_img.b_ID
LEFT JOIN flower on bouq_detail.f_ID = flower.f_ID
LEFT JOIN flower_color_detail on flower.f_ID = flower_color_detail.f_ID
LEFT JOIN flower_color on flower_color_detail.f_color_ID = flower_color.f_color_ID
LEFT JOIN flower_cate on flower.f_cate_ID = flower_cate.f_cate_ID
LEFT JOIN occasion_detail on bouquet.b_ID = occasion_detail.b_ID
LEFT JOIN occasion on occasion_detail.occa_ID = occasion.occa_ID;

-- -----------------------------------------------------
-- View `flowerdb`.`v_bouq_gen2`
-- -----------------------------------------------------
DROP TABLE IF EXISTS `flowerdb`.`v_bouq_gen2`;
USE `flowerdb`;
CREATE  OR REPLACE VIEW `v_bouq_gen2` AS SELECT bouquet.b_name, bouquet.b_price, bouq_detail.b_ID, flower.f_ID, flower.f_name, flower_color_detail.f_color_ID, bouq_detail.quan, flower_color.f_color_name, bouq_img.b_img, flower_cate.f_cate_name, occasion.occa_name, bouquet.b_selling
FROM bouq_detail
LEFT JOIN bouquet on bouq_detail.b_ID = bouq_detail.b_ID
LEFT JOIN bouq_img on bouquet.b_ID = bouq_img.b_ID
LEFT JOIN flower on bouq_detail.f_ID = flower.f_ID
LEFT JOIN flower_color_detail on flower.f_ID = flower_color_detail.f_ID
LEFT JOIN flower_color on flower_color_detail.f_color_ID = flower_color.f_color_ID
LEFT JOIN flower_cate on flower.f_cate_ID = flower_cate.f_cate_ID
LEFT JOIN occasion_detail on bouquet.b_ID = occasion_detail.b_ID
LEFT JOIN occasion on occasion_detail.occa_ID = occasion.occa_ID;

SET SQL_MODE=@OLD_SQL_MODE;
SET FOREIGN_KEY_CHECKS=@OLD_FOREIGN_KEY_CHECKS;
SET UNIQUE_CHECKS=@OLD_UNIQUE_CHECKS;

-- -----------------------------------------------------
-- Data for table `flowerdb`.`flower_cate`
-- -----------------------------------------------------
START TRANSACTION;
USE `flowerdb`;
INSERT INTO `flowerdb`.`flower_cate` (`f_cate_ID`, `f_cate_name`, `f_cate_img`, `f_cate_detail`) VALUES ('HO', 'Hồng', 'img/Category/HO/HO.jpg', 'Trong ngày lễ tình nhân hay mỗi dịp kỉ niệm tình yêu, hoa hồng là một món quà không thể thiếu. Bởi lẽ đó là loại hoa tượng trưng cho tình yêu được nhiều người biết đến nhất trên thế giới, là loại hoa ngọt ngào, nồng thắm mà tình yêu đã len lỏi vào từng cánh hoa, nhị hoa và cả hương thơm dịu nhẹ phảng phất...');
INSERT INTO `flowerdb`.`flower_cate` (`f_cate_ID`, `f_cate_name`, `f_cate_img`, `f_cate_detail`) VALUES ('CC', 'Cẩm Chướng', 'img/Category/CC/CC.jpg', 'Hoa cẩm chướng là một trong những loài hoa đẹp được nhiều người yêu thích và đã xuất hiện từ lâu đời. Tuy nhiên, với ý nghĩa tượng trưng của mình, hoa cẩm chướng phần lớn được dành tặng cho bà , cho mẹ hoặc cho bạn bè. Rất ít người dùng hoa cẩm chướng để dành tặng người yêu.');
INSERT INTO `flowerdb`.`flower_cate` (`f_cate_ID`, `f_cate_name`, `f_cate_img`, `f_cate_detail`) VALUES ('HD', 'Hướng Dương', 'img/Category/HD/HD.jpg', 'Những đóa hoa hướng dương hệt như ánh mặt trời rực rỡ - chính vậy mà hướng dương được xem là loài hoa tượng trưng cho sự đam mê mãnh liệt.Một loài hoa tươi sáng và vui vẻ, mạnh mẽ nhưng cũng đầy dịu dàng và đam mê -Hướng Dương chính là một món quà bày tỏ sự quan tâm ấm áp nhất.');
INSERT INTO `flowerdb`.`flower_cate` (`f_cate_ID`, `f_cate_name`, `f_cate_img`, `f_cate_detail`) VALUES ('CU', 'Cúc', 'img/Category/CU/CU.jpg', 'Hoa cúc - loài hoa được người ta yêu mến bởi vẻ mộc mạc, giản đơn và biết bao gần gũi. Không chỉ là nét ngây thơ trong sáng của những đóa cúc nhỏ nhắn, trắng xinh; mà còn là niềm vui tươi, rạng rỡ của những đóa cúc đa sắc màu...');
INSERT INTO `flowerdb`.`flower_cate` (`f_cate_ID`, `f_cate_name`, `f_cate_img`, `f_cate_detail`) VALUES ('LA', 'Lan', 'img/Category/LA/LA.jpg', 'Phong lan đã được đề cao tử thời xa xưa bởi những điều mà nó tượng trưng.\n• Tình yêu\n• Sắc đẹp\n• Sự sinh sản\n• Sự thanh khiết\n• Sự thấu hiểu\n• Sự quyến rũ');
INSERT INTO `flowerdb`.`flower_cate` (`f_cate_ID`, `f_cate_name`, `f_cate_img`, `f_cate_detail`) VALUES ('HU', 'Huệ', 'img/Category/HU/HU.jpg', 'Hoa huệ và tất cả các dạng khác của nó, thường được xem xét mang các ý nghĩa sau đây:\r\nHoàng gia và vương giả\nThiên chức làm mẹ và khả năng sinh sản\nSự tinh khiết và vẻ đẹp tuổi trẻ\nLòng đam mê\nĐổi mới và tái sinh');
INSERT INTO `flowerdb`.`flower_cate` (`f_cate_ID`, `f_cate_name`, `f_cate_img`, `f_cate_detail`) VALUES ('TL', 'Tu-lip', 'img/Category/TL/TL.jpg', 'Tuy nó không phải là bông hoa kiêu hãnh nhất trong khu vườn, nhưng nét đẹp và vẻ duyên dáng của một bông hoa tulip đã trở thành biểu tượng cho những điều sau:\n\nSự hoàn hảo, tình yêu lâu dài giữa hai người hoặc các thành viên gia đình\nTình yêu say đắm, cho dù niềm đam mê bị từ chối hoặc trả lại\nTính hoàng tộc và vương giả\nTình yêu bị quên lãng\nKỉ niệm 11 năm ngày cưới\nSự phong phú, thịnh vượng, và niềm đam mê\nTừ thiện và hỗ trợ cho những người kém may mắn');
INSERT INTO `flowerdb`.`flower_cate` (`f_cate_ID`, `f_cate_name`, `f_cate_img`, `f_cate_detail`) VALUES ('LY', 'Ly', 'img/Category/LY/LY.jpg', 'Hoa Ly từ lâu đã được mệnh danh là một loài hoa thanh cao và quý phái, nó không những tượng trưng cho sắc đẹp, đức hạnh mà còn là sự kiêu hãnh và cả tình yêu cao thượng, chung thủy. Chính bởi vậy, hoa Ly không chỉ thích hợp để dành tặng mẹ, người yêu mà còn rất thích hợp cho ngày chúc mừng, tốt nghiệp, khai trương...');
INSERT INTO `flowerdb`.`flower_cate` (`f_cate_ID`, `f_cate_name`, `f_cate_img`, `f_cate_detail`) VALUES ('KH', 'Khác', 'img/Category/KH/KH.jpg', 'Các loại hoa khác.');
INSERT INTO `flowerdb`.`flower_cate` (`f_cate_ID`, `f_cate_name`, `f_cate_img`, `f_cate_detail`) VALUES ('SE', 'Sen', 'img/Category/SE/SE.jpg', 'Hoa sen chính là quốc hoa của đất nước Việt Nam thân yêu của chúng ta và từ rất lâu rồi đối với mỗi người dân đất Việt thì vẻ đẹp của hoa sen luôn làm say đắm lòng người. Không giống như những loài hoa bình thường khác hoa sen bình dị, thân thuộc nhưng vẫn rất tinh tế và có một ý nghĩa tuyệt vời riêng. Cũng giống như câu nói “Gần bùn nhưng chẳng hôi tanh mùi bùn”.\nChính vì lẽ ấy nên hoa sen luôn được nhiều người chọn lựa làm quà tặng trao gửi nhắn nhủ tình cảm thân thương dành cho nhau. Trao tặng một bó hoa sen chính là sự truyền tải thông điệp về lòng quý mến, ngưỡng mộ đến với một ai đó. Sắc hoa nhẹ nhàng tinh tế, hương thơm dịu dàng lan tỏa của những đóa hoa sen sẽ là quà tặng tuyệt vời làm ấm lòng người nhận.');
INSERT INTO `flowerdb`.`flower_cate` (`f_cate_ID`, `f_cate_name`, `f_cate_img`, `f_cate_detail`) VALUES ('CT', 'Cát Tường', 'img/Category/CT/CT.jpg', 'Hoa cát tường dịu êm chính là món quà tuyệt vời mà bạn không nên bỏ qua. Những cánh hoa mỏng manh tựa vẻ đẹp của người người phụ nữ nên việc tặng bó hoa cát tường sẽ chính là cách mà bạn bày tỏ tình cảm chân thành cũng như ca ngời về người ấy.');
INSERT INTO `flowerdb`.`flower_cate` (`f_cate_ID`, `f_cate_name`, `f_cate_img`, `f_cate_detail`) VALUES ('TT', 'Thạch Thảo', 'img/Category/TT/TT.jpg', 'Thạch thảo tượng trưng cho một tình yêu nhẹ nhàng và bình dị. ... Và, có một điều đặc biệt, dù thạch thảo gợi lên vẻ mỏng manh, có chút yếu đuối, nhưng đôi lúc, nó lại mang ý nghĩa của sự chín chắn.');
INSERT INTO `flowerdb`.`flower_cate` (`f_cate_ID`, `f_cate_name`, `f_cate_img`, `f_cate_detail`) VALUES ('CTC', 'Cẩm Tú Cầu', 'img/Category/CTC/CTC.jpg', 'Cẩm tú cầu với những cánh hoa mỏng manh, chen chúc- tạo thành một cầu hoa xinh xắn với những ý nghĩa rất riêng. Được nhiều người yêu thích lựa chọn để làm hoa trang trí đám cưới, hoặc hoa tặng trong những dịp lễ, kỉ niệm.');

COMMIT;


-- -----------------------------------------------------
-- Data for table `flowerdb`.`flower`
-- -----------------------------------------------------
START TRANSACTION;
USE `flowerdb`;
INSERT INTO `flowerdb`.`flower` (`f_ID`, `f_cate_ID`, `f_name`, `f_img`, `f_detail`) VALUES ('HHO00', 'HO', 'Hoa hồng đỏ', 'img/Flower/HHO00/HHO00.jpg', 'Hoa hồng đỏ: tượng trưng cho một tình yêu nồng cháy và lãng mạn. Hoa hồng đỏ đã có từ rất lâu đời, trải qua nhiều nền văn hóa - cả phương tây và phương đông.Nhưng ở bất kì đâu, nó cũng luôn là loài hoa được yêu thích nhất, và biểu tượng cho một thứ tình cảm vô cùng thiêng liêng: Tình yêu.');
INSERT INTO `flowerdb`.`flower` (`f_ID`, `f_cate_ID`, `f_name`, `f_img`, `f_detail`) VALUES ('HHO01', 'HO', 'Hoa hồng Đà Lạt hồng', 'img/Flower/HHO01/HHO01.jpg', 'Hoa hồng Đà Lạt với màu hồng phấn dịu nhẹ của hoa mang đến thông điệp về sự trìu mến, về một tình yêu lãng mạn và nhẹ nhàng.');
INSERT INTO `flowerdb`.`flower` (`f_ID`, `f_cate_ID`, `f_name`, `f_img`, `f_detail`) VALUES ('HHO02', 'HO', 'Hoa hồng nhung', 'img/Flower/HHO02/HHO02.jpg', 'Hoa hồng nhung tượng trưng cho một tình yêu say đắm và nồng nhiệt.');
INSERT INTO `flowerdb`.`flower` (`f_ID`, `f_cate_ID`, `f_name`, `f_img`, `f_detail`) VALUES ('HHO03', 'HO', 'Hoa hồng cổ Sapa', 'img/Flower/HHO03/HHO03.jpg', 'Hoa hồng cổ Sapa với màu hồng phấn dịu nhẹ của hoa mang đến thông điệp về sự trìu mến, về một tình yêu lãng mạn và nhẹ nhàng.');
INSERT INTO `flowerdb`.`flower` (`f_ID`, `f_cate_ID`, `f_name`, `f_img`, `f_detail`) VALUES ('HHO04', 'HO', 'Hoa hồng cổ Vân Khôi', 'img/Flower/HHO04/HHO04.jpg', 'Hoa hồng cổ Vân Khôi với màu trắng pha hồng nhẹ tượng trưng cho sự ngây thơ, duyên dáng và sự cảm thông. Hồng trắng không chỉ biểu tượng cho một tình yêu thuần khiết, cao thượng mà mặt khác, nó còn là loài hoa dành để bày tỏ lời xin lỗi đến người yêu nếu chẳng may bạn có mắc lỗi lầm.');
INSERT INTO `flowerdb`.`flower` (`f_ID`, `f_cate_ID`, `f_name`, `f_img`, `f_detail`) VALUES ('HHO05', 'HO', 'Hoa hồng leo tầm xuân', 'img/Flower/HHO05/HHO05.jpg', 'Hoa hồng leo tầm xuân với màu hồng phớt nhẹ nhàng của hoa hồng ngụ ý về sự bắt đầu của một tình yêu đầy mơ mộng, lãng mạn và dịu dàng. Bên cạnh đó, nó còn thể hiện một hạnh phúc tròn đầy với lời nhắn nhủ: \"Hãy tin anh nhé! \"');
INSERT INTO `flowerdb`.`flower` (`f_ID`, `f_cate_ID`, `f_name`, `f_img`, `f_detail`) VALUES ('HHO06', 'HO', 'Hoa hồng trắng', 'img/Flower/HHO06/HHO06.jpg', 'Hoa hồng trắng tượng trưng cho sự ngây thơ, duyên dáng và sự cảm thông. Hồng trắng không chỉ biểu tượng cho một tình yêu thuần khiết, cao thượng mà mặt khác, nó còn là loài hoa dành để bày tỏ lời xin lỗi đến người yêu nếu chẳng may bạn có mắc lỗi lầm.');
INSERT INTO `flowerdb`.`flower` (`f_ID`, `f_cate_ID`, `f_name`, `f_img`, `f_detail`) VALUES ('HHD00', 'HD', 'Hoa hướng dương vàng', 'img/Flower/HHD00/HHD00.jpg', 'Với đặc tính hướng quang - luôn hướng về phía mặt trời- hoa hướng dương biểu trưng cho lòng trung thành, tính kiên định. Với tình yêu, đó là biểu tượng của sự chung thủy, sắt son.\n\nVà, hình dáng những cánh hoa vàng rực rỡ như ánh mặt trời, khiến người nhìn cảm thấy tràn đầy năng lượng ấy- là biểu hiện của sự quan tâm chân thành, ấm áp và là niềm vui, hạnh phúc lan tỏa.\n\nBên cạnh đó, hoa hướng dương còn có ý nghĩa là sự ngưỡng mộ, tôn sùng và sự bền vững lâu dài. \nChính vì vậy, hoa hướng dương thích hợp để bày tỏ tình yêu dài lâu, cũng như những dịp chúc mừng, kỉ niệm để gửi đi thông điệp về sự hân hoan, phấn khởi.');
INSERT INTO `flowerdb`.`flower` (`f_ID`, `f_cate_ID`, `f_name`, `f_img`, `f_detail`) VALUES ('HHD01', 'HD', 'Hoa hướng dương lùn đỏ', 'img/Flower/HHD01/HHD01.jpg', 'Với đặc tính hướng quang - luôn hướng về phía mặt trời- hoa hướng dương biểu trưng cho lòng trung thành, tính kiên định. Với tình yêu, đó là biểu tượng của sự chung thủy, sắt son.\n\nVà, hình dáng những cánh hoa vàng rực rỡ như ánh mặt trời, khiến người nhìn cảm thấy tràn đầy năng lượng ấy- là biểu hiện của sự quan tâm chân thành, ấm áp và là niềm vui, hạnh phúc lan tỏa.\n\nBên cạnh đó, hoa hướng dương còn có ý nghĩa là sự ngưỡng mộ, tôn sùng và sự bền vững lâu dài. \nChính vì vậy, hoa hướng dương thích hợp để bày tỏ tình yêu dài lâu, cũng như những dịp chúc mừng, kỉ niệm để gửi đi thông điệp về sự hân hoan, phấn khởi.');
INSERT INTO `flowerdb`.`flower` (`f_ID`, `f_cate_ID`, `f_name`, `f_img`, `f_detail`) VALUES ('HLA00', 'LA', 'Hoa lan hồ điệp trắng', 'img/Flower/HLA00/HLA00.jpg', 'Hoa lan hồ điệp trắng là biểu hiện của sự trong trắng, tinh khiết, thánh thiện và trinh nguyên.');
INSERT INTO `flowerdb`.`flower` (`f_ID`, `f_cate_ID`, `f_name`, `f_img`, `f_detail`) VALUES ('HLA01', 'LA', 'Hoa lan hồ điệp hồng', 'img/Flower/HLA01/HLA01.jpg', 'Hoa lan hồ điệp hồng có thể được dành tặng dưới dạng một bó hoa với những cành hồ điệp được cắt tuyển, chọn lọc. Cũng có thể là một chậu lan để có thể chăm sóc hằng ngày. \nVà dù với hình thức nào đi chăng nữa, người yêu hoa, người tặng hoa và cả người nhận hoa, cũng luôn quan tâm đến ý nghĩa mà cành hoa thể hiện.');
INSERT INTO `flowerdb`.`flower` (`f_ID`, `f_cate_ID`, `f_name`, `f_img`, `f_detail`) VALUES ('HLA02', 'LA', 'Hoa lan hồ điệp đỏ', 'img/Flower/HLA02/HLA02.jpg', 'Hoa lan hồ điệp đỏ có thể được dành tặng dưới dạng một bó hoa với những cành hồ điệp được cắt tuyển, chọn lọc. Cũng có thể là một chậu lan để có thể chăm sóc hằng ngày. \nVà dù với hình thức nào đi chăng nữa, người yêu hoa, người tặng hoa và cả người nhận hoa, cũng luôn quan tâm đến ý nghĩa mà cành hoa thể hiện.\n\n');
INSERT INTO `flowerdb`.`flower` (`f_ID`, `f_cate_ID`, `f_name`, `f_img`, `f_detail`) VALUES ('HLA03', 'LA', 'Hoa lan hồ điệp vàng', 'img/Flower/HLA03/HLA03.jpg', 'Đối với hoa lan hồ điệp vàng, người ta gửi gắm vào đó sự ấm áp của tình thân, sự cầu chúc sung túc, thành công, và cả vẻ đẹp thanh cao, sang trọng.');
INSERT INTO `flowerdb`.`flower` (`f_ID`, `f_cate_ID`, `f_name`, `f_img`, `f_detail`) VALUES ('HSE00', 'SE', 'Hoa Sen Hồng', 'img/Flower/HSE00/HSE00.jpg', 'Hoa sen luôn được nhiều người chọn lựa làm quà tặng trao gửi nhắn nhủ tình cảm thân thương dành cho nhau. Trao tặng một bó hoa sen chính là sự truyền tải thông điệp về lòng quý mến, ngưỡng mộ đến với một ai đó. Sắc hoa nhẹ nhàng tinh tế, hương thơm dịu dàng lan tỏa của những đóa hoa sen sẽ là quà tặng tuyệt vời làm ấm lòng người nhận.');
INSERT INTO `flowerdb`.`flower` (`f_ID`, `f_cate_ID`, `f_name`, `f_img`, `f_detail`) VALUES ('HCT00', 'CT', 'Hoa Cát Tường tím', 'img/Flower/HCT00/HCT00.jpg', 'Hoa cát tường dịu êm chính là món quà tuyệt vời mà bạn không nên bỏ qua. Những cánh hoa mỏng manh tựa vẻ đẹp của người người phụ nữ nên việc tặng bó hoa cát tường sẽ chính là cách mà bạn bày tỏ tình cảm chân thành cũng như ca ngời về người ấy.');
INSERT INTO `flowerdb`.`flower` (`f_ID`, `f_cate_ID`, `f_name`, `f_img`, `f_detail`) VALUES ('HTT00', 'TT', 'Hoa Thạch Thảo tím', 'img/Flower/HTT00/HTT00.jpg', 'Thạch thảo tượng trưng cho một tình yêu nhẹ nhàng và bình dị. ... Và, có một điều đặc biệt, dù thạch thảo gợi lên vẻ mỏng manh, có chút yếu đuối, nhưng đôi lúc, nó lại mang ý nghĩa của sự chín chắn.');
INSERT INTO `flowerdb`.`flower` (`f_ID`, `f_cate_ID`, `f_name`, `f_img`, `f_detail`) VALUES ('HCTC00', 'CTC', 'Hoa Cẩm Tú Cầu xanh', 'img/Flower/HCTC00/HCTC00.jpg', 'Theo một truyền thuyết Nhật Bản, một hoàng đế tự hào sử dụng một bó hoa cẩm tú cầu như là một lời xin lỗi đến gia đình của một cô gái mà ông đang yêu. Mãi mãi về sau, những bông hoa đã phục vụ như là một đại diện của tình cảm chân thành, cho dù niềm vui hay nỗi buồn');
INSERT INTO `flowerdb`.`flower` (`f_ID`, `f_cate_ID`, `f_name`, `f_img`, `f_detail`) VALUES ('HCTC01', 'CTC', 'Hoa Cẩm Tú Cầu trắng', 'img/Flower/HCTC01/HCTC01.jpg', 'Cẩm tú cầu với những cánh hoa mỏng manh, chen chúc- tạo thành một cầu hoa xinh xắn với những ý nghĩa rất riêng. Được nhiều người yêu thích lựa chọn để làm hoa trang trí đám cưới, hoặc hoa tặng trong những dịp lễ, kỉ niệm.');
INSERT INTO `flowerdb`.`flower` (`f_ID`, `f_cate_ID`, `f_name`, `f_img`, `f_detail`) VALUES ('HHO07', 'HO', 'Hoa Hồng Da', 'img/Flower/HHO07/HHO07.jpg', 'Hoa hồng trắng là biểu tượng của sự thuần khiết, trong sáng. Tặng một bông hoa hồng trắng cho người mà bạn yêu thương sẽ gửi đi thông điệp rằng “Bạn rất trân trọng tình yêu của 2 người và mong muốn tình yêu của 2 người sẽ kéo dài mãi mãi”.');
INSERT INTO `flowerdb`.`flower` (`f_ID`, `f_cate_ID`, `f_name`, `f_img`, `f_detail`) VALUES ('HLA04', 'LA', 'Hoa Lan Vũ Nữ vàng', 'img/Flower/HLA04/HLA04.jpg', 'Hoa Phong Lan Vũ Nữ chinh phục người yêu hoa bởi vẻ đẹp tựa hồ vũ nữ, dập dìu như đàn bướm. Vẻ vui tươi, tràn đầy sức sống cùng hương thơm phảng phất dịu nhẹ của cây khiến bao người mê đắm. Đây chắc chắn sẽ là món quà đầy ý nghĩa nếu bạn muốn tìm một món quà tặng nhân dịp khai trương, khánh thành các cơ sở kinh doanh của người thân, bạn bè.');
INSERT INTO `flowerdb`.`flower` (`f_ID`, `f_cate_ID`, `f_name`, `f_img`, `f_detail`) VALUES ('HTT01', 'TT', 'Hoa Thạch Thảo trắng', 'img/Flower/HTT01/HTT01.jpg', 'Thạch thảo tượng trưng cho một tình yêu nhẹ nhàng và bình dị. Trong tình yêu ấy, tình cảm đong đầy và luôn ẩn hiện đôi mắt dõi theo nhau, những lời hứa hẹn sẽ không bao giờ quên, sẽ mãi mãi đi cùng nhau trên những sóng gió, gập ghềnh...');
INSERT INTO `flowerdb`.`flower` (`f_ID`, `f_cate_ID`, `f_name`, `f_img`, `f_detail`) VALUES ('HHO08', 'HO', 'Hoa Hồng tím', 'img/Flower/HHO08/HHO08.jpg', 'Nếu như hoa hồng đỏ thể hiện tình yêu mãnh liệt, nồng cháy; hồng trắng là tình yêu trong sáng, ngây thơ; hồng vàng dành cho sự phản bội… thì ý nghĩa hoa hồng tím là sự trường tồn, vĩnh cửu.');
INSERT INTO `flowerdb`.`flower` (`f_ID`, `f_cate_ID`, `f_name`, `f_img`, `f_detail`) VALUES ('HHO09', 'HO', 'Hoa Hồng xanh', 'img/Flower/HHO09/HHO09.png', 'Màu xanh dương là màu của trời và biển, màu của sự yên bình và vĩnh cửu. Vì thế, ý nghĩa của hoa hồng xanh là biểu tượng của tình yêu bất diệt, chung thủy, trường tồn theo thời gian. Bên cạnh đó, trong tình yêu, hoa hồng xanh còn thể hiện sự bí ẩn, huyền bí.');

COMMIT;


-- -----------------------------------------------------
-- Data for table `flowerdb`.`flower_color`
-- -----------------------------------------------------
START TRANSACTION;
USE `flowerdb`;
INSERT INTO `flowerdb`.`flower_color` (`f_color_ID`, `f_color_name`) VALUES ('D', 'Đỏ');
INSERT INTO `flowerdb`.`flower_color` (`f_color_ID`, `f_color_name`) VALUES ('H', 'Hồng');
INSERT INTO `flowerdb`.`flower_color` (`f_color_ID`, `f_color_name`) VALUES ('V', 'Vàng');
INSERT INTO `flowerdb`.`flower_color` (`f_color_ID`, `f_color_name`) VALUES ('T', 'Tím');
INSERT INTO `flowerdb`.`flower_color` (`f_color_ID`, `f_color_name`) VALUES ('TR', 'Trắng');
INSERT INTO `flowerdb`.`flower_color` (`f_color_ID`, `f_color_name`) VALUES ('C', 'Cam');
INSERT INTO `flowerdb`.`flower_color` (`f_color_ID`, `f_color_name`) VALUES ('X', 'Xanh');
INSERT INTO `flowerdb`.`flower_color` (`f_color_ID`, `f_color_name`) VALUES ('K', 'Khác');

COMMIT;


-- -----------------------------------------------------
-- Data for table `flowerdb`.`bouquet`
-- -----------------------------------------------------
START TRANSACTION;
USE `flowerdb`;
INSERT INTO `flowerdb`.`bouquet` (`b_ID`, `b_name`, `b_detail`, `b_price`, `b_selling`) VALUES ('B000', 'Ngọt ngào và bình yên', 'Bó hoa sen hồng Ngọt ngào và bình yên chính là món quà tuyệt vời mà Hoa Sài Gòn muốn nhắn gửi đến quý khách. Với vẻ đẹp dịu dàng, tĩnh lặng và cũng vô cùng tinh tế này bạn có thể dùng nó để tặng sinh nhật những người thân yêu hoặc cũng có thể dùng làm hoa trong các dịp sự kiện khác nhau. Bó hoa là sự kết hợp giữa 10 đóa sen hồng cùng với đài sen và lá phụ kiện.', 300000, 1);
INSERT INTO `flowerdb`.`bouquet` (`b_ID`, `b_name`, `b_detail`, `b_price`, `b_selling`) VALUES ('B001', 'Tím dịu êm', 'Tím dịu êm là sự kết hợp giữa rất nhiều đóa hoa cát tường tím dịu êm cùng với những đóa thạch thảo tím để nên một tổng thể hài hòa, đẹp mắt. Ngoài ra nhờ lớp giấy gói tông hồng paste và chiếc nơ cùng tone còn giúp cho bó hoa trở nên xinh đẹp và rạng rỡ hơn.', 500000, 1);
INSERT INTO `flowerdb`.`bouquet` (`b_ID`, `b_name`, `b_detail`, `b_price`, `b_selling`) VALUES ('B002', 'Ngày tươi đẹp', 'Ngày tươi đẹp chính là món quà tuyệt vời để bạn dành tặng cho những người thân yêu nhân dịp sinh nhật. Bó được là sự kết hợp giữa những đóa hoa hướng dương rực rỡ cùng những đóa hoa hồng đỏ kiêu sa và những bông hoa, lá phụ khác. Tất cả hướng đến lời chúc về một ngày tươi đẹp rực rỡ!', 500000, 1);
INSERT INTO `flowerdb`.`bouquet` (`b_ID`, `b_name`, `b_detail`, `b_price`, `b_selling`) VALUES ('B003', 'Khúc dương cầm', 'Bó hoa đại biểu Khúc dương cầm chính là món quà ý nghĩa thân thương mà chúng ta có thể dành tặng vào nhiều dịp khác nhau. Bó hoa là sự kết hợp giữa 7 đóa hoa hướng dương tươi thắm rạng rỡ, cùng với những chiếc lá xanh phụ kiện. Tất cả tạo nên một sản phẩm đẹp mắt, tinh tế và vô cùng sang trọng.', 400000, 1);
INSERT INTO `flowerdb`.`bouquet` (`b_ID`, `b_name`, `b_detail`, `b_price`, `b_selling`) VALUES ('B004', 'Chỉ yêu mình em', 'Vào dịp lễ Valentine 14/2, ngoài socola thì hoa hồng chính là món quà hoàn hảo để các đấng mày râu dành tặng cho nửa kia của mình. Những đóa hoa hồng đỏ với màu sắc quyến rũ sẽ giúp bạn truyền tải thông điệp yêu thương cho ngày valentine thêm ý nghĩa.\nBó Chỉ yêu mình em gồm 15 đóa hồng đỏ kết hợp với hoa thanh liễu trắng, lá chanh cùng một số lá phụ nhập khác, giấy gói tone màu sang trọng tạo ra một món quà hoàn hảo.', 520000, 1);
INSERT INTO `flowerdb`.`bouquet` (`b_ID`, `b_name`, `b_detail`, `b_price`, `b_selling`) VALUES ('B005', 'Thanh khiết', 'Bó hoa sinh nhật Thanh khiết là một sự kết hợp giữa cẩm tú cầu xanh nhập khẩu, những bông hồng da cùng những bông hoa phụ màu xanh lơ.', 400000, 1);
INSERT INTO `flowerdb`.`bouquet` (`b_ID`, `b_name`, `b_detail`, `b_price`, `b_selling`) VALUES ('B006', 'Thơ ngây', 'Giỏ hoa Thơ ngây là thiết kế dành cho những cô nàng có phong cách hiện đại và thơ ngây. Mẫu hoa với sự kết hợp của hồng đỏ rực rỡ, hồng da tươi thắm hòa quyện cùng màu vàng tươi mới của lan vũ nữ.', 550000, 1);
INSERT INTO `flowerdb`.`bouquet` (`b_ID`, `b_name`, `b_detail`, `b_price`, `b_selling`) VALUES ('B007', 'Tình đậm sâu ', 'Bó hoa hồng đẹp tặng sinh nhật xinh đẹp Tình đậm sâu bao gồm 17 đóa hoa hồng thắm tươi xinh kết hợp cùng với những đóa hoa thạch thảo và cành lá phụ màu xanh. Bó hoa được bó với lớp giấy báo bên trong cùng giấy lưới bên ngoài tạo nên vẻ đẹp vô cùng tinh tế và sang trọng.', 550000, 1);
INSERT INTO `flowerdb`.`bouquet` (`b_ID`, `b_name`, `b_detail`, `b_price`, `b_selling`) VALUES ('B008', 'Hạnh phúc giản đơn', 'Hộp hoa sinh nhật bằng gỗ Hạnh phúc giản đơn chính là sự kết hợp giữa 3 đóa hoa hồng da cùng 3 đóa hoa hồng tím to, đẹp cùng hương thơm quyến rũ. Xen kẽ vào đó là những cành hoa lá phụ kiện như thạch thảo tím và hoa mimi trắng. Đặc biệt món quà càng trở nên độc đáo hơn khi có sự hiện diện của cặp đôi gấu vô cùng đáng yêu.', 550000, 1);
INSERT INTO `flowerdb`.`bouquet` (`b_ID`, `b_name`, `b_detail`, `b_price`, `b_selling`) VALUES ('B009', 'Tia nắng trong anh', 'Bó hoa chúc mừng tươi thắm rạng rỡ Tia nắng trong anh là món quà ngọt ngào mà chúng ta có thể dành tặng cho những người thân yêu nhân ngày sinh nhật. Tia nắng trong anh đó chính là sự kết hợp giữa 6 đóa hoa hướng dương đẹp và tươi thắm rạng rỡ kèm theo lớp giấy gói màu đen sang trọng. Chắc chắn rằng món quà tuyệt vời này sẽ khiến cho người nhận hạnh phúc ngất ngây.', 300000, 1);
INSERT INTO `flowerdb`.`bouquet` (`b_ID`, `b_name`, `b_detail`, `b_price`, `b_selling`) VALUES ('B010', 'Kẻ mộng mơ', 'Đây chính là món quà tuyệt diệu với sự kết hợp của 56 đóa hoa hồng trắng tinh khôi và bông hồng xanh phun sơn dịu dàng. Bó hoa của những màu sắc dịu dàng đặc biệt cuốn hút làm say đắm lòng người.', 1400000, 1);

COMMIT;


-- -----------------------------------------------------
-- Data for table `flowerdb`.`bouq_img`
-- -----------------------------------------------------
START TRANSACTION;
USE `flowerdb`;
INSERT INTO `flowerdb`.`bouq_img` (`b_img_ID`, `b_ID`, `b_img`) VALUES ('B000_00', 'B000', 'img/Bouquet/B000/B000_00.jpg');
INSERT INTO `flowerdb`.`bouq_img` (`b_img_ID`, `b_ID`, `b_img`) VALUES ('B000_01', 'B000', 'img/Bouquet/B000/B000_01.jpg');
INSERT INTO `flowerdb`.`bouq_img` (`b_img_ID`, `b_ID`, `b_img`) VALUES ('B000_02', 'B000', 'img/Bouquet/B000/B000_02.jpg');
INSERT INTO `flowerdb`.`bouq_img` (`b_img_ID`, `b_ID`, `b_img`) VALUES ('B000_03', 'B000', 'img/Bouquet/B000/B000_03.jpg');
INSERT INTO `flowerdb`.`bouq_img` (`b_img_ID`, `b_ID`, `b_img`) VALUES ('B001_00', 'B001', 'img/Bouquet/B001/B001_00.jpg');
INSERT INTO `flowerdb`.`bouq_img` (`b_img_ID`, `b_ID`, `b_img`) VALUES ('B001_01', 'B001', 'img/Bouquet/B001/B001_01.jpg');
INSERT INTO `flowerdb`.`bouq_img` (`b_img_ID`, `b_ID`, `b_img`) VALUES ('B001_02', 'B001', 'img/Bouquet/B001/B001_02.jpg');
INSERT INTO `flowerdb`.`bouq_img` (`b_img_ID`, `b_ID`, `b_img`) VALUES ('B002_00', 'B002', 'img/Bouquet/B002/B002_00.png');
INSERT INTO `flowerdb`.`bouq_img` (`b_img_ID`, `b_ID`, `b_img`) VALUES ('B002_01', 'B002', 'img/Bouquet/B002/B002_01.png');
INSERT INTO `flowerdb`.`bouq_img` (`b_img_ID`, `b_ID`, `b_img`) VALUES ('B003_00', 'B003', 'img/Bouquet/B003/B003_00.jpg');
INSERT INTO `flowerdb`.`bouq_img` (`b_img_ID`, `b_ID`, `b_img`) VALUES ('B003_01', 'B003', 'img/Bouquet/B003/B003_01.jpg');
INSERT INTO `flowerdb`.`bouq_img` (`b_img_ID`, `b_ID`, `b_img`) VALUES ('B003_02', 'B003', 'img/Bouquet/B003/B003_02.jpg');
INSERT INTO `flowerdb`.`bouq_img` (`b_img_ID`, `b_ID`, `b_img`) VALUES ('B004_00', 'B004', 'img/Bouquet/B004/B004_00.jpg');
INSERT INTO `flowerdb`.`bouq_img` (`b_img_ID`, `b_ID`, `b_img`) VALUES ('B004_01', 'B004', 'img/Bouquet/B004/B004_01.jpg');
INSERT INTO `flowerdb`.`bouq_img` (`b_img_ID`, `b_ID`, `b_img`) VALUES ('B004_02', 'B004', 'img/Bouquet/B004/B004_02.jpg');
INSERT INTO `flowerdb`.`bouq_img` (`b_img_ID`, `b_ID`, `b_img`) VALUES ('B005_00', 'B005', 'img/Bouquet/B005/B005_00.png');
INSERT INTO `flowerdb`.`bouq_img` (`b_img_ID`, `b_ID`, `b_img`) VALUES ('B005_01', 'B005', 'img/Bouquet/B005/B005_01.png');
INSERT INTO `flowerdb`.`bouq_img` (`b_img_ID`, `b_ID`, `b_img`) VALUES ('B006_00', 'B006', 'img/Bouquet/B006/B006_00.jpg');
INSERT INTO `flowerdb`.`bouq_img` (`b_img_ID`, `b_ID`, `b_img`) VALUES ('B006_01', 'B006', 'img/Bouquet/B006/B006_01.jpg');
INSERT INTO `flowerdb`.`bouq_img` (`b_img_ID`, `b_ID`, `b_img`) VALUES ('B007_00', 'B007', 'img/Bouquet/B007/B007_00.png');
INSERT INTO `flowerdb`.`bouq_img` (`b_img_ID`, `b_ID`, `b_img`) VALUES ('B007_01', 'B007', 'img/Bouquet/B007/B007_01.png');
INSERT INTO `flowerdb`.`bouq_img` (`b_img_ID`, `b_ID`, `b_img`) VALUES ('B008_00', 'B008', 'img/Bouquet/B008/B008_00.png');
INSERT INTO `flowerdb`.`bouq_img` (`b_img_ID`, `b_ID`, `b_img`) VALUES ('B008_01', 'B008', 'img/Bouquet/B008/B008_01.png');
INSERT INTO `flowerdb`.`bouq_img` (`b_img_ID`, `b_ID`, `b_img`) VALUES ('B008_02', 'B008', 'img/Bouquet/B008/B008_02.png');
INSERT INTO `flowerdb`.`bouq_img` (`b_img_ID`, `b_ID`, `b_img`) VALUES ('B009_00', 'B009', 'img/Bouquet/B009/B009_00.jpg');
INSERT INTO `flowerdb`.`bouq_img` (`b_img_ID`, `b_ID`, `b_img`) VALUES ('B009_01', 'B009', 'img/Bouquet/B009/B009_01.jpg');
INSERT INTO `flowerdb`.`bouq_img` (`b_img_ID`, `b_ID`, `b_img`) VALUES ('B009_02', 'B009', 'img/Bouquet/B009/B009_02.jpg');
INSERT INTO `flowerdb`.`bouq_img` (`b_img_ID`, `b_ID`, `b_img`) VALUES ('B010_00', 'B010', 'img/Bouquet/B010/B010_00.jpg');
INSERT INTO `flowerdb`.`bouq_img` (`b_img_ID`, `b_ID`, `b_img`) VALUES ('B010_01', 'B010', 'img/Bouquet/B010/B010_01.jpg');
INSERT INTO `flowerdb`.`bouq_img` (`b_img_ID`, `b_ID`, `b_img`) VALUES ('B010_02', 'B010', 'img/Bouquet/B010/B010_02.jpg');

COMMIT;


-- -----------------------------------------------------
-- Data for table `flowerdb`.`customer`
-- -----------------------------------------------------
START TRANSACTION;
USE `flowerdb`;
INSERT INTO `flowerdb`.`customer` (`cus_ID`, `cus_phone`, `cus_name`, `cus_address`, `cus_email`) VALUES (1, '0933300300', 'Nguyễn Văn An', '123 Cách Mạng Tháng 8 Q.3', 'nguyenvanan@mail.com');
INSERT INTO `flowerdb`.`customer` (`cus_ID`, `cus_phone`, `cus_name`, `cus_address`, `cus_email`) VALUES (2, '0377272001', 'Lê Thị Bé', '22 Hồ Tùng Mậu', 'lethibe@gmail.com');
INSERT INTO `flowerdb`.`customer` (`cus_ID`, `cus_phone`, `cus_name`, `cus_address`, `cus_email`) VALUES (3, '0882261039', 'Công Tằng Tôn Nữ Thị Chi', '9 Đường D2 Q.PN', 'cttntc@gmail.com');
INSERT INTO `flowerdb`.`customer` (`cus_ID`, `cus_phone`, `cus_name`, `cus_address`, `cus_email`) VALUES (4, '0903011250', 'Đào Văn Diên', '837/22/11 Lê Thị Riêng ', 'dvddao@yahoo.com.vn');
INSERT INTO `flowerdb`.`customer` (`cus_ID`, `cus_phone`, `cus_name`, `cus_address`, `cus_email`) VALUES (5, '0221522111', 'Trần Em', '985 CMT8', 'pvte@gmail.com');
INSERT INTO `flowerdb`.`customer` (`cus_ID`, `cus_phone`, `cus_name`, `cus_address`, `cus_email`) VALUES (6, '0278888881', 'Lê Văn Giảng', '55 Lê Duẩn', 'lvglvg@yahoo.com');
INSERT INTO `flowerdb`.`customer` (`cus_ID`, `cus_phone`, `cus_name`, `cus_address`, `cus_email`) VALUES (7, '0978505153', 'Lý Thu Hà', '999 An Dương Vương', 'haly@gmail.com');

COMMIT;


-- -----------------------------------------------------
-- Data for table `flowerdb`.`orders`
-- -----------------------------------------------------
START TRANSACTION;
USE `flowerdb`;
INSERT INTO `flowerdb`.`orders` (`order_ID`, `cus_ID`, `order_status`, `order_date`, `delivery_date`) VALUES (1, 1, 2, '2018-04-01 00:00:00', '2018-04-01 00:00:00');
INSERT INTO `flowerdb`.`orders` (`order_ID`, `cus_ID`, `order_status`, `order_date`, `delivery_date`) VALUES (2, 1, 2, '2018-08-13 00:00:00', '2018-08-13 00:00:00');
INSERT INTO `flowerdb`.`orders` (`order_ID`, `cus_ID`, `order_status`, `order_date`, `delivery_date`) VALUES (3, 2, 0, '2018-11-19 00:00:00', '2018-11-19 00:00:00');
INSERT INTO `flowerdb`.`orders` (`order_ID`, `cus_ID`, `order_status`, `order_date`, `delivery_date`) VALUES (4, 2, 2, '2018-11-19 00:00:00', '2018-11-20 00:00:00');
INSERT INTO `flowerdb`.`orders` (`order_ID`, `cus_ID`, `order_status`, `order_date`, `delivery_date`) VALUES (5, 3, 2, '2018-12-23 00:00:00', '2018-12-23 00:00:00');
INSERT INTO `flowerdb`.`orders` (`order_ID`, `cus_ID`, `order_status`, `order_date`, `delivery_date`) VALUES (6, 4, 2, '2019-01-01 00:00:00', '2019-01-01 00:00:00');
INSERT INTO `flowerdb`.`orders` (`order_ID`, `cus_ID`, `order_status`, `order_date`, `delivery_date`) VALUES (7, 5, 2, '2019-01-07 00:00:00', '2019-01-07 00:00:00');

COMMIT;


-- -----------------------------------------------------
-- Data for table `flowerdb`.`order_detail`
-- -----------------------------------------------------
START TRANSACTION;
USE `flowerdb`;
INSERT INTO `flowerdb`.`order_detail` (`or_d_ID`, `order_ID`, `b_ID`, `quan`) VALUES (DEFAULT, 1, 'B000', 5);
INSERT INTO `flowerdb`.`order_detail` (`or_d_ID`, `order_ID`, `b_ID`, `quan`) VALUES (DEFAULT, 2, 'B000', 5);
INSERT INTO `flowerdb`.`order_detail` (`or_d_ID`, `order_ID`, `b_ID`, `quan`) VALUES (DEFAULT, 2, 'B009', 5);
INSERT INTO `flowerdb`.`order_detail` (`or_d_ID`, `order_ID`, `b_ID`, `quan`) VALUES (DEFAULT, 3, 'B002', 1);
INSERT INTO `flowerdb`.`order_detail` (`or_d_ID`, `order_ID`, `b_ID`, `quan`) VALUES (DEFAULT, 4, 'B002', 1);
INSERT INTO `flowerdb`.`order_detail` (`or_d_ID`, `order_ID`, `b_ID`, `quan`) VALUES (DEFAULT, 5, 'B010', 1);
INSERT INTO `flowerdb`.`order_detail` (`or_d_ID`, `order_ID`, `b_ID`, `quan`) VALUES (DEFAULT, 6, 'B008', 1);
INSERT INTO `flowerdb`.`order_detail` (`or_d_ID`, `order_ID`, `b_ID`, `quan`) VALUES (DEFAULT, 7, 'B006', 1);

COMMIT;


-- -----------------------------------------------------
-- Data for table `flowerdb`.`occasion`
-- -----------------------------------------------------
START TRANSACTION;
USE `flowerdb`;
INSERT INTO `flowerdb`.`occasion` (`occa_ID`, `occa_name`, `occa_detail`, `occa_fp`, `occa_img`) VALUES ('SN', 'Sinh Nhật', 'Sinh Nhật', 0, 'img/Occasion/SN.jpg');
INSERT INTO `flowerdb`.`occasion` (`occa_ID`, `occa_name`, `occa_detail`, `occa_fp`, `occa_img`) VALUES ('CM', 'Chúc Mừng', 'Sự lựa chọn tuyệt vời khi muốn tặng quà cho người thân, bạn bè bởi trước những sắc hoa rực rỡ thì ai cũng sẽ cảm thấy hạnh phúc, vui vẻ.\nHoa chúc mừng không chỉ giúp tỏ đẹp thêm không gian nơi bạn đặt nó mà quan trọng hơn, những lằng hoa đó còn như thay lời muốn nói và thể hiện tình cảm của người tặng cho người nhận.', 1, 'img/Occasion/CM.jpg');
INSERT INTO `flowerdb`.`occasion` (`occa_ID`, `occa_name`, `occa_detail`, `occa_fp`, `occa_img`) VALUES ('TY', 'Tình Yêu', 'Sự lựa chọn hàng đầu giúp các cặp đôi thể hiện tình cảm.\nValentine hay ngày kỷ niệm, không chỉ hoa Hồng Đỏ,\nHoa Cúc, Tulip hay Cẩm Chướng sẽ thể hiện được tình cảm nồng nàn của những cặp đôi yêu nhau.', 1, 'img/Occasion/TY.jpg');
INSERT INTO `flowerdb`.`occasion` (`occa_ID`, `occa_name`, `occa_detail`, `occa_fp`, `occa_img`) VALUES ('CO', 'Cảm Ơn', 'Khi bạn nói cảm ơn bằng bó hoa tươi thắm để thể hiện lòng biết ơn sâu sắc của bạn đến những người yêu thương.', 1, 'img/Occasion/CO.jpg');
INSERT INTO `flowerdb`.`occasion` (`occa_ID`, `occa_name`, `occa_detail`, `occa_fp`, `occa_img`) VALUES ('BL', 'Biệt Ly', 'Biệt Ly', 0, 'img/Occasion/BL.jpg');
INSERT INTO `flowerdb`.`occasion` (`occa_ID`, `occa_name`, `occa_detail`, `occa_fp`, `occa_img`) VALUES ('QTPN', 'Quốc Tế Phụ nữ 8 tháng 3', 'Ngày Quốc Tế Phụ Nữ 8 tháng 3', 0, 'img/Occasion/QTPN.jpg');
INSERT INTO `flowerdb`.`occasion` (`occa_ID`, `occa_name`, `occa_detail`, `occa_fp`, `occa_img`) VALUES ('VLT', 'Lễ tình nhân Valentine', 'Ngày lễ tình nhân Valentine 14/2', 0, 'img/Occasion/VLT.jpg');

COMMIT;


-- -----------------------------------------------------
-- Data for table `flowerdb`.`occasion_detail`
-- -----------------------------------------------------
START TRANSACTION;
USE `flowerdb`;
INSERT INTO `flowerdb`.`occasion_detail` (`oc_d_ID`, `b_ID`, `occa_ID`, `occa_has`) VALUES (DEFAULT, 'B000', 'SN', 1);
INSERT INTO `flowerdb`.`occasion_detail` (`oc_d_ID`, `b_ID`, `occa_ID`, `occa_has`) VALUES (DEFAULT, 'B000', 'CM', 1);
INSERT INTO `flowerdb`.`occasion_detail` (`oc_d_ID`, `b_ID`, `occa_ID`, `occa_has`) VALUES (DEFAULT, 'B001', 'SN', 1);
INSERT INTO `flowerdb`.`occasion_detail` (`oc_d_ID`, `b_ID`, `occa_ID`, `occa_has`) VALUES (DEFAULT, 'B001', 'CM', 1);
INSERT INTO `flowerdb`.`occasion_detail` (`oc_d_ID`, `b_ID`, `occa_ID`, `occa_has`) VALUES (DEFAULT, 'B001', 'CO', 1);
INSERT INTO `flowerdb`.`occasion_detail` (`oc_d_ID`, `b_ID`, `occa_ID`, `occa_has`) VALUES (DEFAULT, 'B002', 'SN', 1);
INSERT INTO `flowerdb`.`occasion_detail` (`oc_d_ID`, `b_ID`, `occa_ID`, `occa_has`) VALUES (DEFAULT, 'B002', 'CM', 1);
INSERT INTO `flowerdb`.`occasion_detail` (`oc_d_ID`, `b_ID`, `occa_ID`, `occa_has`) VALUES (DEFAULT, 'B003', 'CM', 1);
INSERT INTO `flowerdb`.`occasion_detail` (`oc_d_ID`, `b_ID`, `occa_ID`, `occa_has`) VALUES (DEFAULT, 'B003', 'CO', 1);
INSERT INTO `flowerdb`.`occasion_detail` (`oc_d_ID`, `b_ID`, `occa_ID`, `occa_has`) VALUES (DEFAULT, 'B004', 'TY', 1);
INSERT INTO `flowerdb`.`occasion_detail` (`oc_d_ID`, `b_ID`, `occa_ID`, `occa_has`) VALUES (DEFAULT, 'B004', 'VLT', 1);
INSERT INTO `flowerdb`.`occasion_detail` (`oc_d_ID`, `b_ID`, `occa_ID`, `occa_has`) VALUES (DEFAULT, 'B005', 'SN', 1);
INSERT INTO `flowerdb`.`occasion_detail` (`oc_d_ID`, `b_ID`, `occa_ID`, `occa_has`) VALUES (DEFAULT, 'B006', 'TY', 1);
INSERT INTO `flowerdb`.`occasion_detail` (`oc_d_ID`, `b_ID`, `occa_ID`, `occa_has`) VALUES (DEFAULT, 'B006', 'VLT', 1);
INSERT INTO `flowerdb`.`occasion_detail` (`oc_d_ID`, `b_ID`, `occa_ID`, `occa_has`) VALUES (DEFAULT, 'B006', 'QTPN', 1);
INSERT INTO `flowerdb`.`occasion_detail` (`oc_d_ID`, `b_ID`, `occa_ID`, `occa_has`) VALUES (DEFAULT, 'B007', 'SN', 1);
INSERT INTO `flowerdb`.`occasion_detail` (`oc_d_ID`, `b_ID`, `occa_ID`, `occa_has`) VALUES (DEFAULT, 'B007', 'CM', 1);
INSERT INTO `flowerdb`.`occasion_detail` (`oc_d_ID`, `b_ID`, `occa_ID`, `occa_has`) VALUES (DEFAULT, 'B008', 'SN', 1);
INSERT INTO `flowerdb`.`occasion_detail` (`oc_d_ID`, `b_ID`, `occa_ID`, `occa_has`) VALUES (DEFAULT, 'B008', 'CM', 1);
INSERT INTO `flowerdb`.`occasion_detail` (`oc_d_ID`, `b_ID`, `occa_ID`, `occa_has`) VALUES (DEFAULT, 'B009', 'CM', 1);
INSERT INTO `flowerdb`.`occasion_detail` (`oc_d_ID`, `b_ID`, `occa_ID`, `occa_has`) VALUES (DEFAULT, 'B010', 'TY', 1);
INSERT INTO `flowerdb`.`occasion_detail` (`oc_d_ID`, `b_ID`, `occa_ID`, `occa_has`) VALUES (DEFAULT, 'B010', 'VLT', 1);
INSERT INTO `flowerdb`.`occasion_detail` (`oc_d_ID`, `b_ID`, `occa_ID`, `occa_has`) VALUES (DEFAULT, 'B010', 'QTPN', 1);

COMMIT;


-- -----------------------------------------------------
-- Data for table `flowerdb`.`bouq_detail`
-- -----------------------------------------------------
START TRANSACTION;
USE `flowerdb`;
INSERT INTO `flowerdb`.`bouq_detail` (`b_d_ID`, `b_ID`, `f_ID`, `quan`) VALUES (DEFAULT, 'B000', 'HSE00', 10);
INSERT INTO `flowerdb`.`bouq_detail` (`b_d_ID`, `b_ID`, `f_ID`, `quan`) VALUES (DEFAULT, 'B001', 'HCT00', 8);
INSERT INTO `flowerdb`.`bouq_detail` (`b_d_ID`, `b_ID`, `f_ID`, `quan`) VALUES (DEFAULT, 'B001', 'HTT00', 15);
INSERT INTO `flowerdb`.`bouq_detail` (`b_d_ID`, `b_ID`, `f_ID`, `quan`) VALUES (DEFAULT, 'B001', 'HHO06', 5);
INSERT INTO `flowerdb`.`bouq_detail` (`b_d_ID`, `b_ID`, `f_ID`, `quan`) VALUES (DEFAULT, 'B002', 'HHO00', 10);
INSERT INTO `flowerdb`.`bouq_detail` (`b_d_ID`, `b_ID`, `f_ID`, `quan`) VALUES (DEFAULT, 'B002', 'HHD00', 7);
INSERT INTO `flowerdb`.`bouq_detail` (`b_d_ID`, `b_ID`, `f_ID`, `quan`) VALUES (DEFAULT, 'B003', 'HHD00', 7);
INSERT INTO `flowerdb`.`bouq_detail` (`b_d_ID`, `b_ID`, `f_ID`, `quan`) VALUES (DEFAULT, 'B004', 'HHO00', 15);
INSERT INTO `flowerdb`.`bouq_detail` (`b_d_ID`, `b_ID`, `f_ID`, `quan`) VALUES (DEFAULT, 'B005', 'HHO07', 3);
INSERT INTO `flowerdb`.`bouq_detail` (`b_d_ID`, `b_ID`, `f_ID`, `quan`) VALUES (DEFAULT, 'B005', 'HCTC01', 3);
INSERT INTO `flowerdb`.`bouq_detail` (`b_d_ID`, `b_ID`, `f_ID`, `quan`) VALUES (DEFAULT, 'B006', 'HHO00', 15);
INSERT INTO `flowerdb`.`bouq_detail` (`b_d_ID`, `b_ID`, `f_ID`, `quan`) VALUES (DEFAULT, 'B006', 'HHO07', 5);
INSERT INTO `flowerdb`.`bouq_detail` (`b_d_ID`, `b_ID`, `f_ID`, `quan`) VALUES (DEFAULT, 'B006', 'HLA04', 3);
INSERT INTO `flowerdb`.`bouq_detail` (`b_d_ID`, `b_ID`, `f_ID`, `quan`) VALUES (DEFAULT, 'B007', 'HHO00', 17);
INSERT INTO `flowerdb`.`bouq_detail` (`b_d_ID`, `b_ID`, `f_ID`, `quan`) VALUES (DEFAULT, 'B007', 'HTT01', 8);
INSERT INTO `flowerdb`.`bouq_detail` (`b_d_ID`, `b_ID`, `f_ID`, `quan`) VALUES (DEFAULT, 'B008', 'HHO07', 3);
INSERT INTO `flowerdb`.`bouq_detail` (`b_d_ID`, `b_ID`, `f_ID`, `quan`) VALUES (DEFAULT, 'B008', 'HHO08', 3);
INSERT INTO `flowerdb`.`bouq_detail` (`b_d_ID`, `b_ID`, `f_ID`, `quan`) VALUES (DEFAULT, 'B008', 'HTT00', 10);
INSERT INTO `flowerdb`.`bouq_detail` (`b_d_ID`, `b_ID`, `f_ID`, `quan`) VALUES (DEFAULT, 'B009', 'HHD00', 6);
INSERT INTO `flowerdb`.`bouq_detail` (`b_d_ID`, `b_ID`, `f_ID`, `quan`) VALUES (DEFAULT, 'B010', 'HHO06', 28);
INSERT INTO `flowerdb`.`bouq_detail` (`b_d_ID`, `b_ID`, `f_ID`, `quan`) VALUES (DEFAULT, 'B010', 'HHO09', 28);

COMMIT;


-- -----------------------------------------------------
-- Data for table `flowerdb`.`comment`
-- -----------------------------------------------------
START TRANSACTION;
USE `flowerdb`;
INSERT INTO `flowerdb`.`comment` (`cm_ID`, `b_ID`, `cm_name`, `cm_email`, `cm_date`, `cm_detail`, `cm_phone`, `cm_check`) VALUES (1, 'B000', 'Lê Thị Bé', 'lethibe@gmail.com', '2018-11-20 17:17:30', 'Nay đã đặt hàng bó này tặng cho cô chủ nhiệm. Rất hài lòng về chất lượng và tốc độ giao hàng.', NULL, 1);
INSERT INTO `flowerdb`.`comment` (`cm_ID`, `b_ID`, `cm_name`, `cm_email`, `cm_date`, `cm_detail`, `cm_phone`, `cm_check`) VALUES (2, 'B003', 'Lê Đạt', 'ledat@gmail.com', '2019-02-13 14:30:30', 'Giao hàng hơi trễ nhưng thôi không sao, bông rất đẹp.', NULL, 1);
INSERT INTO `flowerdb`.`comment` (`cm_ID`, `b_ID`, `cm_name`, `cm_email`, `cm_date`, `cm_detail`, `cm_phone`, `cm_check`) VALUES (3, 'B000', 'Trần LL', 'tranll@gmail.com', '2019-03-08 11:30:11', 'Rất đẹp! Tặng mẹ khen quá trời!', NULL, 1);
INSERT INTO `flowerdb`.`comment` (`cm_ID`, `b_ID`, `cm_name`, `cm_email`, `cm_date`, `cm_detail`, `cm_phone`, `cm_check`) VALUES (4, 'B000', 'abcd', 'sads@adasd.com', '2019-03-15 07:05:05', 'dfsdfsdfsd', '123213123', 0);

COMMIT;


-- -----------------------------------------------------
-- Data for table `flowerdb`.`feedback`
-- -----------------------------------------------------
START TRANSACTION;
USE `flowerdb`;
INSERT INTO `flowerdb`.`feedback` (`fb_ID`, `cus_ID`, `fb_date`, `fb_detail`, `fb_reply`, `fb_check`) VALUES (DEFAULT, 2, '2018-11-20 00:00:00', 'Rất nhiều loại hoa, giao diện đẹp. Nhưng giao hàng mặc dù trong ngày nhưng hơi trễ.', NULL, 1);
INSERT INTO `flowerdb`.`feedback` (`fb_ID`, `cus_ID`, `fb_date`, `fb_detail`, `fb_reply`, `fb_check`) VALUES (DEFAULT, 4, '2019-03-09 00:00:00', 'Có vài hoa hơi héo, mong shop xem lại', NULL, 1);

COMMIT;


-- -----------------------------------------------------
-- Data for table `flowerdb`.`flower_color_detail`
-- -----------------------------------------------------
START TRANSACTION;
USE `flowerdb`;
INSERT INTO `flowerdb`.`flower_color_detail` (`f_c_d_ID`, `f_ID`, `f_color_ID`) VALUES (1, 'HHD00', 'V');
INSERT INTO `flowerdb`.`flower_color_detail` (`f_c_d_ID`, `f_ID`, `f_color_ID`) VALUES (2, 'HHD01', 'D');
INSERT INTO `flowerdb`.`flower_color_detail` (`f_c_d_ID`, `f_ID`, `f_color_ID`) VALUES (3, 'HHO00', 'D');
INSERT INTO `flowerdb`.`flower_color_detail` (`f_c_d_ID`, `f_ID`, `f_color_ID`) VALUES (4, 'HHO01', 'H');
INSERT INTO `flowerdb`.`flower_color_detail` (`f_c_d_ID`, `f_ID`, `f_color_ID`) VALUES (5, 'HHO02', 'D');
INSERT INTO `flowerdb`.`flower_color_detail` (`f_c_d_ID`, `f_ID`, `f_color_ID`) VALUES (6, 'HHO03', 'H');
INSERT INTO `flowerdb`.`flower_color_detail` (`f_c_d_ID`, `f_ID`, `f_color_ID`) VALUES (7, 'HHO04', 'H');
INSERT INTO `flowerdb`.`flower_color_detail` (`f_c_d_ID`, `f_ID`, `f_color_ID`) VALUES (8, 'HHO04', 'TR');
INSERT INTO `flowerdb`.`flower_color_detail` (`f_c_d_ID`, `f_ID`, `f_color_ID`) VALUES (9, 'HHO05', 'H');
INSERT INTO `flowerdb`.`flower_color_detail` (`f_c_d_ID`, `f_ID`, `f_color_ID`) VALUES (10, 'HHO06', 'TR');
INSERT INTO `flowerdb`.`flower_color_detail` (`f_c_d_ID`, `f_ID`, `f_color_ID`) VALUES (11, 'HLA00', 'TR');
INSERT INTO `flowerdb`.`flower_color_detail` (`f_c_d_ID`, `f_ID`, `f_color_ID`) VALUES (12, 'HLA01', 'H');
INSERT INTO `flowerdb`.`flower_color_detail` (`f_c_d_ID`, `f_ID`, `f_color_ID`) VALUES (13, 'HLA02', 'D');
INSERT INTO `flowerdb`.`flower_color_detail` (`f_c_d_ID`, `f_ID`, `f_color_ID`) VALUES (14, 'HLA03', 'V');
INSERT INTO `flowerdb`.`flower_color_detail` (`f_c_d_ID`, `f_ID`, `f_color_ID`) VALUES (15, 'HSE00', 'H');
INSERT INTO `flowerdb`.`flower_color_detail` (`f_c_d_ID`, `f_ID`, `f_color_ID`) VALUES (16, 'HCT00', 'T');
INSERT INTO `flowerdb`.`flower_color_detail` (`f_c_d_ID`, `f_ID`, `f_color_ID`) VALUES (17, 'HCT00', 'TR');
INSERT INTO `flowerdb`.`flower_color_detail` (`f_c_d_ID`, `f_ID`, `f_color_ID`) VALUES (18, 'HTT00', 'T');
INSERT INTO `flowerdb`.`flower_color_detail` (`f_c_d_ID`, `f_ID`, `f_color_ID`) VALUES (19, 'HCTC00', 'X');
INSERT INTO `flowerdb`.`flower_color_detail` (`f_c_d_ID`, `f_ID`, `f_color_ID`) VALUES (20, 'HHO07', 'TR');
INSERT INTO `flowerdb`.`flower_color_detail` (`f_c_d_ID`, `f_ID`, `f_color_ID`) VALUES (21, 'HLA04', 'V');
INSERT INTO `flowerdb`.`flower_color_detail` (`f_c_d_ID`, `f_ID`, `f_color_ID`) VALUES (22, 'HTT01', 'TR');
INSERT INTO `flowerdb`.`flower_color_detail` (`f_c_d_ID`, `f_ID`, `f_color_ID`) VALUES (23, 'HHO08', 'T');
INSERT INTO `flowerdb`.`flower_color_detail` (`f_c_d_ID`, `f_ID`, `f_color_ID`) VALUES (24, 'HHO09', 'X');

COMMIT;


-- -----------------------------------------------------
-- Data for table `flowerdb`.`member`
-- -----------------------------------------------------
START TRANSACTION;
USE `flowerdb`;
INSERT INTO `flowerdb`.`member` (`mem_ID`, `mem_uID`, `mem_uPW`, `cus_ID`) VALUES (1, 'dvddao', 'dvddao', 4);
INSERT INTO `flowerdb`.`member` (`mem_ID`, `mem_uID`, `mem_uPW`, `cus_ID`) VALUES (2, 'lythuha', 'lythuha', 7);

COMMIT;

